{
    "epoch": 2.992,
    "eval_loss": 1.814813494682312,
    "eval_runtime": 35.6781,
    "eval_samples_per_second": 28.028,
    "eval_steps_per_second": 7.007,
    "total_flos": 7.808291510734029e+16,
    "train_loss": 1.5816514373249855,
    "train_runtime": 1519.1981,
    "train_samples_per_second": 17.773,
    "train_steps_per_second": 0.555
}